key,locale,value,type,section,parent
ui.entrar,pt,Entrar,text,UI,
ui.entrar,en,Sign in,text,UI,
ui.sair,pt,Sair,text,UI,
ui.sair,en,Sign out,text,UI,
ui.guardar,pt,Guardar,text,UI,
ui.guardar,en,Save,text,UI,
ui.a_guardar,pt,A guardar…,text,UI,
ui.a_guardar,en,Saving…,text,UI,
ui.cancelar,pt,Cancelar,text,UI,
ui.cancelar,en,Cancel,text,UI,
ui.a_cancelar,pt,A cancelar…,text,UI,
ui.a_cancelar,en,Cancelling…,text,UI,
ui.editar,pt,Editar,text,UI,
ui.editar,en,Edit,text,UI,
ui.voltar,pt,Voltar,text,UI,
ui.voltar,en,Back,text,UI,
ui.continuar,pt,Continuar,text,UI,
ui.continuar,en,Continue,text,UI,
ui.a_processar,pt,A processar…,text,UI,
ui.a_processar,en,Processing…,text,UI,
ui.a_enviar,pt,A enviar…,text,UI,
ui.a_enviar,en,Sending…,text,UI,
ui.a_carregar,pt,A carregar…,text,UI,
ui.a_carregar,en,Loading…,text,UI,
ui.nome,pt,Nome,text,UI,
ui.nome,en,Name,text,UI,
ui.email,pt,E-mail,text,UI,
ui.email,en,Email,text,UI,
ui.telemovel,pt,Telemóvel,text,UI,
ui.telemovel,en,Phone,text,UI,
ui.nif,pt,NIF,text,UI,
ui.nif,en,NIF,text,UI,
ui.data,pt,Data,text,UI,
ui.data,en,Date,text,UI,
ui.hora,pt,Hora,text,UI,
ui.hora,en,Time,text,UI,
ui.servico,pt,Serviço,text,UI,
ui.servico,en,Service,text,UI,
ui.preco,pt,Preço,text,UI,
ui.preco,en,Price,text,UI,
ui.estado,pt,Estado,text,UI,
ui.estado,en,Status,text,UI,
ui.notas,pt,Notas,text,UI,
ui.notas,en,Notes,text,UI,
ui.notas_opcional,pt,Notas (opcional),text,UI,
ui.notas_opcional,en,Notes (optional),text,UI,
ui.notas.placeholder,pt,Algum pedido especial?,text,UI,
ui.notas.placeholder,en,Any special request?,text,UI,
ui.status.confirmada,pt,Confirmada,text,UI,
ui.status.confirmada,en,Confirmed,text,UI,
ui.status.cancelada,pt,Cancelada,text,UI,
ui.status.cancelada,en,Cancelled,text,UI,
ui.status.pendente,pt,Pendente,text,UI,
ui.status.pendente,en,Pending,text,UI,
ui.status.concluida,pt,Concluída,text,UI,
ui.status.concluida,en,Completed,text,UI,
nav.inicio,pt,Início,text,Navegação,
nav.inicio,en,Home,text,Navegação,
nav.trabalhos,pt,Trabalhos,text,Navegação,
nav.trabalhos,en,Gallery,text,Navegação,
nav.sobre,pt,Sobre,text,Navegação,
nav.sobre,en,About,text,Navegação,
nav.conta,pt,A minha conta,text,Navegação,
nav.conta,en,My account,text,Navegação,
nav.instalar,pt,Instalar,text,Navegação,
nav.instalar,en,Install,text,Navegação,
nav.instalar.titulo,pt,Instalar a app,text,Navegação,
nav.instalar.titulo,en,Install the app,text,Navegação,
nav.instalar.ios.partilhar,pt,Partilhar,text,Navegação,
nav.instalar.ios.partilhar,en,Share,text,Navegação,
nav.instalar.ios.ecra,pt,Adicionar ao ecrã inicial,text,Navegação,
nav.instalar.ios.ecra,en,Add to Home Screen,text,Navegação,
hero.titulo,pt,Tifas Barber,text,Hero,Homepage
hero.titulo,en,Tifas Barber,text,Hero,Homepage
hero.logo,pt,/logo.png,image,Hero,Homepage
hero.badge,pt,A aceitar marcações · Braga,text,Hero,Homepage
hero.badge,en,Taking bookings · Braga,text,Hero,Homepage
hero.tagline,pt,Onde o cuidado tradicional encontra o estilo moderno. Marca já a tua próxima visita em segundos sem chamadas.,richtext,Hero,Homepage
hero.tagline,en,Where traditional care meets modern style. Book your next visit in seconds — no phone calls needed.,richtext,Hero,Homepage
hero.stat1.valor,pt,7+,text,Hero,Homepage
hero.stat1.label,pt,Anos de experiência,text,Hero,Homepage
hero.stat1.label,en,Years of experience,text,Hero,Homepage
hero.stat2.valor,pt,2k+,text,Hero,Homepage
hero.stat2.label,pt,Clientes satisfeitos,text,Hero,Homepage
hero.stat2.label,en,Happy clients,text,Hero,Homepage
hero.stat3.valor,pt,5.0,text,Hero,Homepage
hero.stat3.label,pt,Estrelas em reviews,text,Hero,Homepage
hero.stat3.label,en,Stars in reviews,text,Hero,Homepage
home.booking.eyebrow,pt,Marcações online,text,Hero,Homepage
home.booking.eyebrow,en,Online bookings,text,Hero,Homepage
home.booking.titulo,pt,Marca o teu,text,Hero,Homepage
home.booking.titulo,en,Book your,text,Hero,Homepage
home.booking.subtitulo,pt,próximo corte,text,Hero,Homepage
home.booking.subtitulo,en,next cut,text,Hero,Homepage
home.contacto.titulo,pt,Onde nos encontrar,text,Contacto,Homepage
home.contacto.titulo,en,Where to find us,text,Contacto,Homepage
home.contacto.morada.label,pt,Morada,text,Contacto,Homepage
home.contacto.morada.label,en,Address,text,Contacto,Homepage
home.contacto.horario.label,pt,Horário,text,Contacto,Homepage
home.contacto.horario.label,en,Hours,text,Contacto,Homepage
contacto.morada1,pt,Rua de Exemplo 25,text,Contacto,Homepage
contacto.morada2,pt,4700-000 Braga,text,Contacto,Homepage
contacto.telefone,pt,+351 912 345 678,phone,Contacto,Homepage
contacto.telefone.href,pt,+351912345678,phone,Contacto,Homepage
contacto.mapa_url,pt,https://www.google.com/maps/search/?api=1&query=Rua+de+Exemplo+25+4700-000+Braga,url,Contacto,Homepage
contacto.horario.dias,pt,Ter–Sáb,text,Contacto,Homepage
contacto.horario.dias,en,Tue–Sat,text,Contacto,Homepage
contacto.horario.manha,pt,9h–13h,text,Contacto,Homepage
contacto.horario.manha,en,9am–1pm,text,Contacto,Homepage
contacto.horario.tarde,pt,14h–19h,text,Contacto,Homepage
contacto.horario.tarde,en,2pm–7pm,text,Contacto,Homepage
redes.instagram,pt,#,url,Redes Sociais,Homepage
redes.facebook,pt,#,url,Redes Sociais,Homepage
redes.whatsapp,pt,#,url,Redes Sociais,Homepage
galeria.label,pt,Trabalhos,text,Galeria,
galeria.label,en,Our work,text,Galeria,
galeria.titulo,pt,Galeria de cortes,text,Galeria,
galeria.titulo,en,Gallery of cuts,text,Galeria,
galeria.descricao,pt,Alguns dos trabalhos mais recentes feitos no estúdio. Fotografias reais adicionadas em breve.,richtext,Galeria,
galeria.descricao,en,Some of the most recent work done in the studio. Real photos coming soon.,richtext,Galeria,
galeria.alt_trabalho,pt,Trabalho,text,Galeria,
galeria.alt_trabalho,en,Work,text,Galeria,
galeria.foto.1,pt,/placeholder.jpg,image,Galeria,
galeria.foto.2,pt,/placeholder.jpg,image,Galeria,
galeria.foto.3,pt,/placeholder.jpg,image,Galeria,
galeria.foto.4,pt,/placeholder.jpg,image,Galeria,
galeria.foto.5,pt,/placeholder.jpg,image,Galeria,
galeria.foto.6,pt,/placeholder.jpg,image,Galeria,
galeria.foto.7,pt,/placeholder.jpg,image,Galeria,
galeria.foto.8,pt,/placeholder.jpg,image,Galeria,
galeria.foto.9,pt,/placeholder.jpg,image,Galeria,
sobre.label,pt,Sobre,text,Sobre,
sobre.label,en,About,text,Sobre,
sobre.titulo,pt,Paixão pela arte de barbear,text,Sobre,
sobre.titulo,en,Passion for the art of barbering,text,Sobre,
sobre.corpo1,pt,O Tiago Fernandes é barbeiro com formação sólida e dedicação ao detalhe. A barbearia em Braga abriu portas com uma missão: fazer cada cliente sair a sentir-se no seu melhor.,richtext,Sobre,
sobre.corpo1,en,Tiago Fernandes is a barber with solid training and dedication to detail. The barbershop in Braga opened with one mission: to make every client leave feeling their best.,richtext,Sobre,
sobre.corpo2,pt,"Especialista em cortes modernos, degradês e tratamentos clássicos — combinando técnicas tradicionais com um olhar actual.",richtext,Sobre,
sobre.corpo2,en,"Specialist in modern cuts, fades and classic treatments — combining traditional techniques with a contemporary eye.",richtext,Sobre,
sobre.foto,pt,/logo.png,image,Sobre,
sobre.especialidade.1,pt,Degradê,text,Sobre,
sobre.especialidade.1,en,Fade,text,Sobre,
sobre.especialidade.2,pt,Barba,text,Sobre,
sobre.especialidade.2,en,Beard,text,Sobre,
sobre.especialidade.3,pt,Clássicos,text,Sobre,
sobre.especialidade.3,en,Classics,text,Sobre,
sobre.especialidade.4,pt,Tratamentos,text,Sobre,
sobre.especialidade.4,en,Treatments,text,Sobre,
auth.login.titulo,pt,Entrar,text,Autenticação,
auth.login.titulo,en,Sign In,text,Autenticação,
auth.register.titulo,pt,Criar conta,text,Autenticação,
auth.register.titulo,en,Create Account,text,Autenticação,
auth.forgot.titulo,pt,Recuperar palavra-passe,text,Autenticação,
auth.forgot.titulo,en,Recover Password,text,Autenticação,
auth.reset.titulo,pt,Nova palavra-passe,text,Autenticação,
auth.reset.titulo,en,New Password,text,Autenticação,
auth.google,pt,Continuar com Google,text,Autenticação,
auth.google,en,Continue with Google,text,Autenticação,
auth.ou,pt,ou,text,Autenticação,
auth.ou,en,or,text,Autenticação,
auth.email.placeholder,pt,o.teu@email.com,text,Autenticação,
auth.email.placeholder,en,your@email.com,text,Autenticação,
auth.password.label,pt,Palavra-passe,text,Autenticação,
auth.password.label,en,Password,text,Autenticação,
auth.password.placeholder,pt,••••••••,text,Autenticação,
auth.password.placeholder,en,••••••••,text,Autenticação,
auth.esqueceu,pt,Esqueceste-te?,text,Autenticação,
auth.esqueceu,en,Forgot it?,text,Autenticação,
auth.sem_conta,pt,Ainda não tens conta?,text,Autenticação,
auth.sem_conta,en,Don't have an account?,text,Autenticação,
auth.registar,pt,Regista-te,text,Autenticação,
auth.registar,en,Register,text,Autenticação,
auth.nome.placeholder,pt,O teu nome completo,text,Autenticação,
auth.nome.placeholder,en,Your full name,text,Autenticação,
auth.telemovel.placeholder,pt,+351 9XX XXX XXX,text,Autenticação,
auth.telemovel.placeholder,en,+351 9XX XXX XXX,text,Autenticação,
auth.enviar_link,pt,Enviar link,text,Autenticação,
auth.enviar_link,en,Send link,text,Autenticação,
auth.voltar_login,pt,Voltar ao login,text,Autenticação,
auth.voltar_login,en,Back to login,text,Autenticação,
auth.email_enviado.titulo,pt,Email enviado!,text,Autenticação,
auth.email_enviado.titulo,en,Email sent!,text,Autenticação,
auth.email_enviado.mensagem,pt,Verifica a tua caixa de entrada e segue as instruções para redefinires a palavra-passe.,richtext,Autenticação,
auth.email_enviado.mensagem,en,Check your inbox and follow the instructions to reset your password.,richtext,Autenticação,
auth.instrucoes_email,pt,Indica o teu e-mail e enviamos-te um link para recuperares a palavra-passe.,richtext,Autenticação,
auth.instrucoes_email,en,Enter your email and we'll send you a link to recover your password.,richtext,Autenticação,
auth.ja_tem_conta,pt,Já tens conta?,text,Autenticação,
auth.ja_tem_conta,en,Already have an account?,text,Autenticação,
auth.entra,pt,Entra,text,Autenticação,
auth.entra,en,Sign in,text,Autenticação,
auth.criar_conta,pt,Criar conta,text,Autenticação,
auth.criar_conta,en,Create account,text,Autenticação,
auth.password_alterada.titulo,pt,Palavra-passe alterada!,text,Autenticação,
auth.password_alterada.titulo,en,Password changed!,text,Autenticação,
auth.password_alterada.mensagem,pt,Já podes entrar com a tua nova palavra-passe.,richtext,Autenticação,
auth.password_alterada.mensagem,en,You can now sign in with your new password.,richtext,Autenticação,
auth.instrucoes_reset,pt,Cria uma nova palavra-passe para a tua conta.,richtext,Autenticação,
auth.instrucoes_reset,en,Create a new password for your account.,richtext,Autenticação,
auth.nova_password.label,pt,Nova palavra-passe,text,Autenticação,
auth.nova_password.label,en,New password,text,Autenticação,
auth.nova_password.placeholder,pt,Mínimo 8 caracteres,text,Autenticação,
auth.nova_password.placeholder,en,Minimum 8 characters,text,Autenticação,
auth.confirmar_password.label,pt,Confirmar palavra-passe,text,Autenticação,
auth.confirmar_password.label,en,Confirm password,text,Autenticação,
auth.confirmar_password.placeholder,pt,Repete a palavra-passe,text,Autenticação,
auth.confirmar_password.placeholder,en,Repeat your password,text,Autenticação,
auth.guardar_password,pt,Guardar palavra-passe,text,Autenticação,
auth.guardar_password,en,Save password,text,Autenticação,
auth.erro.credenciais,pt,E-mail ou palavra-passe incorrectos.,text,Autenticação,
auth.erro.credenciais,en,Incorrect email or password.,text,Autenticação,
auth.erro.token,pt,Link inválido ou expirado.,text,Autenticação,
auth.erro.token,en,Invalid or expired link.,text,Autenticação,
auth.erro.email_registado,pt,Este e-mail já está registado.,text,Autenticação,
auth.erro.email_registado,en,This email is already registered.,text,Autenticação,
auth.erro.dados,pt,Dados inválidos. Verifica os campos.,text,Autenticação,
auth.erro.dados,en,Invalid data. Please check the fields.,text,Autenticação,
auth.erro.generico,pt,Ocorreu um erro. Tenta novamente.,text,Autenticação,
auth.erro.generico,en,An error occurred. Please try again.,text,Autenticação,
booking.passo.1,pt,Escolhe o serviço,text,Booking,
booking.passo.1,en,Choose service,text,Booking,
booking.passo.2,pt,Escolhe a data e hora,text,Booking,
booking.passo.2,en,Choose date and time,text,Booking,
booking.passo.3,pt,Confirma a marcação,text,Booking,
booking.passo.3,en,Confirm booking,text,Booking,
booking.data.outra,pt,Outra data,text,Booking,
booking.data.outra,en,Another date,text,Booking,
booking.sem_data,pt,Escolhe uma data para ver os horários disponíveis.,richtext,Booking,
booking.sem_data,en,Choose a date to see available slots.,richtext,Booking,
booking.sem_horarios,pt,Sem horários disponíveis para esta data.,text,Booking,
booking.sem_horarios,en,No available slots for this date.,text,Booking,
booking.resumo.titulo,pt,Resumo,text,Booking,
booking.resumo.titulo,en,Summary,text,Booking,
booking.resumo.servico,pt,Serviço:,text,Booking,
booking.resumo.servico,en,Service:,text,Booking,
booking.resumo.data,pt,Data:,text,Booking,
booking.resumo.data,en,Date:,text,Booking,
booking.resumo.hora,pt,Hora:,text,Booking,
booking.resumo.hora,en,Time:,text,Booking,
booking.resumo.cliente,pt,Cliente:,text,Booking,
booking.resumo.cliente,en,Client:,text,Booking,
booking.confirmar,pt,Confirmar marcação,text,Booking,
booking.confirmar,en,Confirm booking,text,Booking,
booking.sucesso.titulo,pt,Marcação confirmada!,text,Booking,
booking.sucesso.titulo,en,Booking confirmed!,text,Booking,
booking.sucesso.mensagem,pt,Vemo-nos em breve. Podes gerir as tuas marcações no Dashboard.,richtext,Booking,
booking.sucesso.mensagem,en,See you soon. You can manage your bookings in the Dashboard.,richtext,Booking,
booking.sucesso.ver,pt,Ver as minhas marcações,text,Booking,
booking.sucesso.ver,en,View my bookings,text,Booking,
booking.sucesso.nova,pt,Nova marcação,text,Booking,
booking.sucesso.nova,en,New booking,text,Booking,
edit.titulo,pt,Editar marcação,text,Booking,
edit.titulo,en,Edit booking,text,Booking,
edit.nova_data,pt,Nova data,text,Booking,
edit.nova_data,en,New date,text,Booking,
edit.nova_hora,pt,Nova hora,text,Booking,
edit.nova_hora,en,New time,text,Booking,
edit.guardar,pt,Guardar alterações,text,Booking,
edit.guardar,en,Save changes,text,Booking,
cancel.titulo,pt,Cancelar marcação,text,Booking,
cancel.titulo,en,Cancel Booking,text,Booking,
cancel.nao_encontrada,pt,Marcação não encontrada,text,Booking,
cancel.nao_encontrada,en,Booking not found,text,Booking,
cancel.nao_encontrada.mensagem,pt,Este link pode ter expirado ou já sido utilizado.,richtext,Booking,
cancel.nao_encontrada.mensagem,en,This link may have expired or already been used.,richtext,Booking,
cancel.ja_cancelada,pt,Esta marcação já foi cancelada.,text,Booking,
cancel.ja_cancelada,en,This booking has already been cancelled.,text,Booking,
cancel.ja_concluida,pt,Esta marcação já foi concluída.,text,Booking,
cancel.ja_concluida,en,This booking has already been completed.,text,Booking,
cancel.confirmar_texto,pt,Tens a certeza que queres cancelar esta marcação?,richtext,Booking,
cancel.confirmar_texto,en,Are you sure you want to cancel this booking?,richtext,Booking,
cancel.erro,pt,Erro ao cancelar. Tenta novamente.,text,Booking,
cancel.erro,en,Error cancelling. Please try again.,text,Booking,
cancel.confirmar_btn,pt,Sim cancelar marcação,text,Booking,
cancel.confirmar_btn,en,Yes cancel booking,text,Booking,
cancel.sucesso.titulo,pt,Marcação cancelada,text,Booking,
cancel.sucesso.titulo,en,Booking cancelled,text,Booking,
cancel.sucesso.mensagem,pt,A tua marcação foi cancelada com sucesso.,richtext,Booking,
cancel.sucesso.mensagem,en,Your booking has been successfully cancelled.,richtext,Booking,
dashboard.ola,pt,Olá,text,Dashboard,
dashboard.ola,en,Hello,text,Dashboard,
dashboard.nova_marcacao,pt,Nova marcação,text,Dashboard,
dashboard.nova_marcacao,en,New booking,text,Dashboard,
dashboard.proximas.titulo,pt,Próximas marcações,text,Dashboard,
dashboard.proximas.titulo,en,Upcoming bookings,text,Dashboard,
dashboard.nenhuma,pt,Nenhuma marcação futura.,text,Dashboard,
dashboard.nenhuma,en,No upcoming bookings.,text,Dashboard,
dashboard.pode_cancelar,pt,Podes cancelar até 24h antes.,text,Dashboard,
dashboard.pode_cancelar,en,You can cancel up to 24h before.,text,Dashboard,
dashboard.carregando,pt,A carregar marcações…,text,Dashboard,
dashboard.carregando,en,Loading bookings…,text,Dashboard,
dashboard.erro,pt,Erro ao carregar.,text,Dashboard,
dashboard.erro,en,Error loading.,text,Dashboard,
dashboard.erro.reload,pt,Recarrega a página.,text,Dashboard,
dashboard.erro.reload,en,Reload the page.,text,Dashboard,
dashboard.sem_marcacoes,pt,Ainda não tens marcações.,text,Dashboard,
dashboard.sem_marcacoes,en,You have no bookings yet.,text,Dashboard,
dashboard.marcar_agora,pt,Marcar agora,text,Dashboard,
dashboard.marcar_agora,en,Book now,text,Dashboard,
dashboard.historico.titulo,pt,Histórico,text,Dashboard,
dashboard.historico.titulo,en,History,text,Dashboard,
dashboard.historico.carregando,pt,A carregar histórico…,text,Dashboard,
dashboard.historico.carregando,en,Loading history…,text,Dashboard,
dashboard.historico.contagem,pt,marcações anteriores,text,Dashboard,
dashboard.historico.contagem,en,previous bookings,text,Dashboard,
dashboard.conta.titulo,pt,Dados da conta,text,Dashboard,
dashboard.conta.titulo,en,Account details,text,Dashboard,
dashboard.sucesso,pt,Dados actualizados com sucesso.,text,Dashboard,
dashboard.sucesso,en,Details updated successfully.,text,Dashboard,
dashboard.cancelar_dialog.titulo,pt,Cancelar marcação?,text,Dashboard,
dashboard.cancelar_dialog.titulo,en,Cancel booking?,text,Dashboard,
dashboard.cancelar_dialog.texto,pt,Esta acção não pode ser desfeita. Tens a certeza?,richtext,Dashboard,
dashboard.cancelar_dialog.texto,en,This action cannot be undone. Are you sure?,richtext,Dashboard,
dashboard.cancelar_dialog.sim,pt,Sim cancelar,text,Dashboard,
dashboard.cancelar_dialog.sim,en,Yes cancel,text,Dashboard,
dashboard.cancelar_dialog.nao,pt,Não manter,text,Dashboard,
dashboard.cancelar_dialog.nao,en,No keep it,text,Dashboard,
pwa.titulo,pt,Instala a app!,text,PWA,
pwa.titulo,en,Install the app!,text,PWA,
pwa.subtitulo,pt,Acesso rápido às tuas marcações.,text,PWA,
pwa.subtitulo,en,Quick access to your bookings.,text,PWA,
pwa.como,pt,Como instalar,text,PWA,
pwa.como,en,How to install,text,PWA,
pwa.instalar,pt,Instalar,text,PWA,
pwa.instalar,en,Install,text,PWA,
pwa.ios.partilhar,pt,Partilhar,text,PWA,
pwa.ios.partilhar,en,Share,text,PWA,
pwa.ios.ecra,pt,Adicionar ao ecrã inicial,text,PWA,
pwa.ios.ecra,en,Add to Home Screen,text,PWA,
pwa.chrome.mensagem,pt,Abre este site no Chrome para instalar a app.,richtext,PWA,
pwa.chrome.mensagem,en,Open this site in Chrome to install the app.,richtext,PWA,
seo.home.titulo,pt,Barbearia Tiago Fernandes · Braga,text,SEO,
seo.home.titulo,en,Tiago Fernandes Barbershop · Braga,text,SEO,
seo.home.descricao,pt,"Barbearia em Braga. Degradê, barba, cortes clássicos. Marca a tua consulta online em segundos. Ter–Sáb 9h–19h.",richtext,SEO,
seo.home.descricao,en,"Barbershop in Braga. Fade, beard, classic cuts. Book your appointment online in seconds. Tue–Sat 9am–7pm.",richtext,SEO,
seo.galeria.titulo,pt,Galeria de trabalhos · Barbearia Tiago Fernandes,text,SEO,
seo.galeria.titulo,en,Gallery · Tiago Fernandes Barbershop,text,SEO,
seo.galeria.descricao,pt,Vê os nossos trabalhos mais recentes. Cortes modernos e clássicos em Braga.,richtext,SEO,
seo.galeria.descricao,en,See our most recent work. Modern and classic cuts in Braga.,richtext,SEO,
seo.sobre.titulo,pt,Sobre nós · Barbearia Tiago Fernandes,text,SEO,
seo.sobre.titulo,en,About us · Tiago Fernandes Barbershop,text,SEO,
seo.sobre.descricao,pt,Conhece a nossa história e os nossos serviços. Barbearia de confiança em Braga.,richtext,SEO,
seo.sobre.descricao,en,Learn about our story and services. Trusted barbershop in Braga.,richtext,SEO,
seo.dashboard.titulo,pt,A minha conta,text,SEO,
seo.dashboard.titulo,en,My account,text,SEO,
seo.cancelar.titulo,pt,Cancelar marcação,text,SEO,
seo.cancelar.titulo,en,Cancel booking,text,SEO,
app.bem_vindo,pt,Bem-vindo,text,App,
app.bem_vindo,en,Welcome,text,App,
app.a_mudar_lingua,pt,A mudar de língua…,text,App,
app.a_mudar_lingua,en,Switching language…,text,App,
hero.logo,en,/logo.png,image,Hero,Homepage
hero.stat1.valor,en,7+,text,Hero,Homepage
hero.stat2.valor,en,2k+,text,Hero,Homepage
hero.stat3.valor,en,5.0,text,Hero,Homepage
contacto.morada1,en,Rua de Exemplo 25,text,Contacto,Homepage
contacto.morada2,en,4700-000 Braga,text,Contacto,Homepage
contacto.telefone,en,+351 912 345 678,phone,Contacto,Homepage
contacto.telefone.href,en,+351912345678,phone,Contacto,Homepage
redes.instagram,en,#,url,Redes Sociais,Homepage
redes.facebook,en,#,url,Redes Sociais,Homepage
redes.whatsapp,en,#,url,Redes Sociais,Homepage
galeria.foto.1,en,/placeholder.jpg,image,Galeria,
galeria.foto.2,en,/placeholder.jpg,image,Galeria,
galeria.foto.3,en,/placeholder.jpg,image,Galeria,
galeria.foto.4,en,/placeholder.jpg,image,Galeria,
galeria.foto.5,en,/placeholder.jpg,image,Galeria,
galeria.foto.6,en,/placeholder.jpg,image,Galeria,
galeria.foto.7,en,/placeholder.jpg,image,Galeria,
galeria.foto.8,en,/placeholder.jpg,image,Galeria,
galeria.foto.9,en,/placeholder.jpg,image,Galeria,
sobre.foto,en,/logo.png,image,Sobre,
pwa.ios.texto_pre,pt,No Safari toca em,text,PWA,
pwa.ios.texto_pre,en,In Safari tap,text,PWA,
pwa.ios.texto_mid,pt,e depois em,text,PWA,
pwa.ios.texto_mid,en,and then,text,PWA,
site.url,pt,https://barbearia-tiago.pt,url,SEO,
site.url,en,https://barbearia-tiago.pt,url,SEO,
seo.og_image,pt,https://barbearia-tiago.pt/pwa-512x512.png,image,SEO,
seo.og_image,en,https://barbearia-tiago.pt/pwa-512x512.png,image,SEO,
